filename,label
dataset_asv\real_speech\LA_T_1000406.flac,real
dataset_asv\real_speech\LA_T_1007571.flac,real
dataset_asv\real_speech\LA_T_1007663.flac,real
dataset_asv\real_speech\LA_T_1011221.flac,real
dataset_asv\real_speech\LA_T_1013597.flac,real
dataset_asv\real_speech\LA_T_1021790.flac,real
dataset_asv\real_speech\LA_T_1023546.flac,real
dataset_asv\real_speech\LA_T_1029184.flac,real
dataset_asv\real_speech\LA_T_1031233.flac,real
dataset_asv\real_speech\LA_T_1034923.flac,real
dataset_asv\real_speech\LA_T_1041717.flac,real
dataset_asv\real_speech\LA_T_1045294.flac,real
dataset_asv\real_speech\LA_T_1049021.flac,real
dataset_asv\real_speech\LA_T_1050008.flac,real
dataset_asv\real_speech\LA_T_1052701.flac,real
dataset_asv\real_speech\LA_T_1052790.flac,real
dataset_asv\real_speech\LA_T_1075018.flac,real
dataset_asv\real_speech\LA_T_1075302.flac,real
dataset_asv\real_speech\LA_T_1078395.flac,real
dataset_asv\real_speech\LA_T_1078988.flac,real
dataset_asv\real_speech\LA_T_1080623.flac,real
dataset_asv\real_speech\LA_T_1087973.flac,real
dataset_asv\real_speech\LA_T_1091653.flac,real
dataset_asv\real_speech\LA_T_1114980.flac,real
dataset_asv\real_speech\LA_T_1126222.flac,real
dataset_asv\real_speech\LA_T_1128865.flac,real
dataset_asv\real_speech\LA_T_1130924.flac,real
dataset_asv\real_speech\LA_T_1130943.flac,real
dataset_asv\real_speech\LA_T_1131312.flac,real
dataset_asv\real_speech\LA_T_1138215.flac,real
dataset_asv\real_speech\LA_T_1141342.flac,real
dataset_asv\real_speech\LA_T_1142757.flac,real
dataset_asv\real_speech\LA_T_1151332.flac,real
dataset_asv\real_speech\LA_T_1152394.flac,real
dataset_asv\real_speech\LA_T_1158098.flac,real
dataset_asv\real_speech\LA_T_1160090.flac,real
dataset_asv\real_speech\LA_T_1161711.flac,real
dataset_asv\real_speech\LA_T_1178897.flac,real
dataset_asv\real_speech\LA_T_1182856.flac,real
dataset_asv\real_speech\LA_T_1186717.flac,real
dataset_asv\real_speech\LA_T_1188742.flac,real
dataset_asv\real_speech\LA_T_1193043.flac,real
dataset_asv\real_speech\LA_T_1197695.flac,real
dataset_asv\real_speech\LA_T_1199930.flac,real
dataset_asv\real_speech\LA_T_1202598.flac,real
dataset_asv\real_speech\LA_T_1203196.flac,real
dataset_asv\real_speech\LA_T_1203360.flac,real
dataset_asv\real_speech\LA_T_1207505.flac,real
dataset_asv\real_speech\LA_T_1208112.flac,real
dataset_asv\real_speech\LA_T_1209325.flac,real
dataset_asv\real_speech\LA_T_1213624.flac,real
dataset_asv\real_speech\LA_T_1215743.flac,real
dataset_asv\real_speech\LA_T_1217514.flac,real
dataset_asv\real_speech\LA_T_1219386.flac,real
dataset_asv\real_speech\LA_T_1222609.flac,real
dataset_asv\real_speech\LA_T_1226390.flac,real
dataset_asv\real_speech\LA_T_1235793.flac,real
dataset_asv\real_speech\LA_T_1236840.flac,real
dataset_asv\real_speech\LA_T_1238061.flac,real
dataset_asv\real_speech\LA_T_1241016.flac,real
dataset_asv\real_speech\LA_T_1243533.flac,real
dataset_asv\real_speech\LA_T_1248092.flac,real
dataset_asv\real_speech\LA_T_1250649.flac,real
dataset_asv\real_speech\LA_T_1255705.flac,real
dataset_asv\real_speech\LA_T_1257508.flac,real
dataset_asv\real_speech\LA_T_1261884.flac,real
dataset_asv\real_speech\LA_T_1267917.flac,real
dataset_asv\real_speech\LA_T_1269462.flac,real
dataset_asv\real_speech\LA_T_1269847.flac,real
dataset_asv\real_speech\LA_T_1271820.flac,real
dataset_asv\real_speech\LA_T_1272637.flac,real
dataset_asv\real_speech\LA_T_1276415.flac,real
dataset_asv\real_speech\LA_T_1276960.flac,real
dataset_asv\real_speech\LA_T_1284700.flac,real
dataset_asv\real_speech\LA_T_1290428.flac,real
dataset_asv\real_speech\LA_T_1300559.flac,real
dataset_asv\real_speech\LA_T_1302075.flac,real
dataset_asv\real_speech\LA_T_1302087.flac,real
dataset_asv\real_speech\LA_T_1302542.flac,real
dataset_asv\real_speech\LA_T_1305270.flac,real
dataset_asv\real_speech\LA_T_1307755.flac,real
dataset_asv\real_speech\LA_T_1310154.flac,real
dataset_asv\real_speech\LA_T_1312618.flac,real
dataset_asv\real_speech\LA_T_1316001.flac,real
dataset_asv\real_speech\LA_T_1321385.flac,real
dataset_asv\real_speech\LA_T_1325059.flac,real
dataset_asv\real_speech\LA_T_1325649.flac,real
dataset_asv\real_speech\LA_T_1332868.flac,real
dataset_asv\real_speech\LA_T_1335486.flac,real
dataset_asv\real_speech\LA_T_1338417.flac,real
dataset_asv\real_speech\LA_T_1341430.flac,real
dataset_asv\real_speech\LA_T_1341447.flac,real
dataset_asv\real_speech\LA_T_1346897.flac,real
dataset_asv\real_speech\LA_T_1347550.flac,real
dataset_asv\real_speech\LA_T_1352011.flac,real
dataset_asv\real_speech\LA_T_1363347.flac,real
dataset_asv\real_speech\LA_T_1363611.flac,real
dataset_asv\real_speech\LA_T_1364415.flac,real
dataset_asv\real_speech\LA_T_1369507.flac,real
dataset_asv\real_speech\LA_T_1373249.flac,real
dataset_asv\real_speech\LA_T_1376595.flac,real
dataset_asv\real_speech\LA_T_1377264.flac,real
dataset_asv\real_speech\LA_T_1378085.flac,real
dataset_asv\real_speech\LA_T_1378563.flac,real
dataset_asv\real_speech\LA_T_1379329.flac,real
dataset_asv\real_speech\LA_T_1385311.flac,real
dataset_asv\real_speech\LA_T_1388480.flac,real
dataset_asv\real_speech\LA_T_1391534.flac,real
dataset_asv\real_speech\LA_T_1392484.flac,real
dataset_asv\real_speech\LA_T_1394641.flac,real
dataset_asv\real_speech\LA_T_1395369.flac,real
dataset_asv\real_speech\LA_T_1397401.flac,real
dataset_asv\real_speech\LA_T_1406603.flac,real
dataset_asv\real_speech\LA_T_1406835.flac,real
dataset_asv\real_speech\LA_T_1407047.flac,real
dataset_asv\real_speech\LA_T_1410416.flac,real
dataset_asv\real_speech\LA_T_1411980.flac,real
dataset_asv\real_speech\LA_T_1415351.flac,real
dataset_asv\real_speech\LA_T_1423202.flac,real
dataset_asv\real_speech\LA_T_1424545.flac,real
dataset_asv\real_speech\LA_T_1429012.flac,real
dataset_asv\real_speech\LA_T_1429555.flac,real
dataset_asv\real_speech\LA_T_1433631.flac,real
dataset_asv\real_speech\LA_T_1441999.flac,real
dataset_asv\real_speech\LA_T_1447757.flac,real
dataset_asv\real_speech\LA_T_1450124.flac,real
dataset_asv\real_speech\LA_T_1455233.flac,real
dataset_asv\real_speech\LA_T_1457379.flac,real
dataset_asv\real_speech\LA_T_1459453.flac,real
dataset_asv\real_speech\LA_T_1459702.flac,real
dataset_asv\real_speech\LA_T_1467964.flac,real
dataset_asv\real_speech\LA_T_1470659.flac,real
dataset_asv\real_speech\LA_T_1473061.flac,real
dataset_asv\real_speech\LA_T_1475339.flac,real
dataset_asv\real_speech\LA_T_1477639.flac,real
dataset_asv\real_speech\LA_T_1478655.flac,real
dataset_asv\real_speech\LA_T_1482076.flac,real
dataset_asv\real_speech\LA_T_1482834.flac,real
dataset_asv\real_speech\LA_T_1483721.flac,real
dataset_asv\real_speech\LA_T_1486451.flac,real
dataset_asv\real_speech\LA_T_1487560.flac,real
dataset_asv\real_speech\LA_T_1495245.flac,real
dataset_asv\real_speech\LA_T_1495856.flac,real
dataset_asv\real_speech\LA_T_1498247.flac,real
dataset_asv\real_speech\LA_T_1500527.flac,real
dataset_asv\real_speech\LA_T_1501005.flac,real
dataset_asv\real_speech\LA_T_1504888.flac,real
dataset_asv\real_speech\LA_T_1509895.flac,real
dataset_asv\real_speech\LA_T_1511191.flac,real
dataset_asv\real_speech\LA_T_1511193.flac,real
dataset_asv\real_speech\LA_T_1518499.flac,real
dataset_asv\real_speech\LA_T_1530054.flac,real
dataset_asv\real_speech\LA_T_1532340.flac,real
dataset_asv\real_speech\LA_T_1535496.flac,real
dataset_asv\real_speech\LA_T_1536675.flac,real
dataset_asv\real_speech\LA_T_1543826.flac,real
dataset_asv\real_speech\LA_T_1544986.flac,real
dataset_asv\real_speech\LA_T_1555189.flac,real
dataset_asv\real_speech\LA_T_1559861.flac,real
dataset_asv\real_speech\LA_T_1561078.flac,real
dataset_asv\real_speech\LA_T_1561484.flac,real
dataset_asv\real_speech\LA_T_1562164.flac,real
dataset_asv\real_speech\LA_T_1563149.flac,real
dataset_asv\real_speech\LA_T_1563365.flac,real
dataset_asv\real_speech\LA_T_1567067.flac,real
dataset_asv\real_speech\LA_T_1569381.flac,real
dataset_asv\real_speech\LA_T_1569477.flac,real
dataset_asv\real_speech\LA_T_1569908.flac,real
dataset_asv\real_speech\LA_T_1573354.flac,real
dataset_asv\real_speech\LA_T_1581753.flac,real
dataset_asv\real_speech\LA_T_1584182.flac,real
dataset_asv\real_speech\LA_T_1585521.flac,real
dataset_asv\real_speech\LA_T_1589744.flac,real
dataset_asv\real_speech\LA_T_1590181.flac,real
dataset_asv\real_speech\LA_T_1590800.flac,real
dataset_asv\real_speech\LA_T_1591810.flac,real
dataset_asv\real_speech\LA_T_1592972.flac,real
dataset_asv\real_speech\LA_T_1596451.flac,real
dataset_asv\real_speech\LA_T_1599278.flac,real
dataset_asv\real_speech\LA_T_1607779.flac,real
dataset_asv\real_speech\LA_T_1608170.flac,real
dataset_asv\real_speech\LA_T_1611587.flac,real
dataset_asv\real_speech\LA_T_1617431.flac,real
dataset_asv\real_speech\LA_T_1618831.flac,real
dataset_asv\real_speech\LA_T_1620551.flac,real
dataset_asv\real_speech\LA_T_1622807.flac,real
dataset_asv\real_speech\LA_T_1623473.flac,real
dataset_asv\real_speech\LA_T_1625761.flac,real
dataset_asv\real_speech\LA_T_1630368.flac,real
dataset_asv\real_speech\LA_T_1636151.flac,real
dataset_asv\real_speech\LA_T_1636563.flac,real
dataset_asv\real_speech\LA_T_1639691.flac,real
dataset_asv\real_speech\LA_T_1644078.flac,real
dataset_asv\real_speech\LA_T_1646336.flac,real
dataset_asv\real_speech\LA_T_1646363.flac,real
dataset_asv\real_speech\LA_T_1646676.flac,real
dataset_asv\real_speech\LA_T_1651877.flac,real
dataset_asv\real_speech\LA_T_1654106.flac,real
dataset_asv\real_speech\LA_T_1661773.flac,real
dataset_asv\real_speech\LA_T_1662243.flac,real
dataset_asv\real_speech\LA_T_1662467.flac,real
dataset_asv\real_speech\LA_T_1662696.flac,real
dataset_asv\real_speech\LA_T_1667973.flac,real
dataset_asv\real_speech\LA_T_1669827.flac,real
dataset_asv\real_speech\LA_T_1670486.flac,real
dataset_asv\real_speech\LA_T_1671516.flac,real
dataset_asv\real_speech\LA_T_1675536.flac,real
dataset_asv\real_speech\LA_T_1678844.flac,real
dataset_asv\real_speech\LA_T_1683467.flac,real
dataset_asv\real_speech\LA_T_1684951.flac,real
dataset_asv\real_speech\LA_T_1691318.flac,real
dataset_asv\real_speech\LA_T_1691949.flac,real
dataset_asv\real_speech\LA_T_1698724.flac,real
dataset_asv\real_speech\LA_T_1699801.flac,real
dataset_asv\real_speech\LA_T_1702062.flac,real
dataset_asv\real_speech\LA_T_1703395.flac,real
dataset_asv\real_speech\LA_T_1716742.flac,real
dataset_asv\real_speech\LA_T_1717556.flac,real
dataset_asv\real_speech\LA_T_1718553.flac,real
dataset_asv\real_speech\LA_T_1721632.flac,real
dataset_asv\real_speech\LA_T_1725860.flac,real
dataset_asv\real_speech\LA_T_1731260.flac,real
dataset_asv\real_speech\LA_T_1732162.flac,real
dataset_asv\real_speech\LA_T_1735385.flac,real
dataset_asv\real_speech\LA_T_1736342.flac,real
dataset_asv\real_speech\LA_T_1738816.flac,real
dataset_asv\real_speech\LA_T_1740931.flac,real
dataset_asv\real_speech\LA_T_1743583.flac,real
dataset_asv\real_speech\LA_T_1744427.flac,real
dataset_asv\real_speech\LA_T_1745063.flac,real
dataset_asv\real_speech\LA_T_1745690.flac,real
dataset_asv\real_speech\LA_T_1745865.flac,real
dataset_asv\real_speech\LA_T_1745993.flac,real
dataset_asv\real_speech\LA_T_1746987.flac,real
dataset_asv\real_speech\LA_T_1749681.flac,real
dataset_asv\real_speech\LA_T_1756992.flac,real
dataset_asv\real_speech\LA_T_1763423.flac,real
dataset_asv\real_speech\LA_T_1770624.flac,real
dataset_asv\real_speech\LA_T_1771704.flac,real
dataset_asv\real_speech\LA_T_1773196.flac,real
dataset_asv\real_speech\LA_T_1779188.flac,real
dataset_asv\real_speech\LA_T_1783185.flac,real
dataset_asv\real_speech\LA_T_1784012.flac,real
dataset_asv\real_speech\LA_T_1785278.flac,real
dataset_asv\real_speech\LA_T_1786825.flac,real
dataset_asv\real_speech\LA_T_1787169.flac,real
dataset_asv\real_speech\LA_T_1787246.flac,real
dataset_asv\real_speech\LA_T_1787294.flac,real
dataset_asv\real_speech\LA_T_1792767.flac,real
dataset_asv\real_speech\LA_T_1793666.flac,real
dataset_asv\real_speech\LA_T_1794966.flac,real
dataset_asv\real_speech\LA_T_1795259.flac,real
dataset_asv\real_speech\LA_T_1797843.flac,real
dataset_asv\real_speech\LA_T_1799958.flac,real
dataset_asv\real_speech\LA_T_1807180.flac,real
dataset_asv\real_speech\LA_T_1810647.flac,real
dataset_asv\real_speech\LA_T_1814008.flac,real
dataset_asv\real_speech\LA_T_1820050.flac,real
dataset_asv\real_speech\LA_T_1820456.flac,real
dataset_asv\real_speech\LA_T_1821843.flac,real
dataset_asv\real_speech\LA_T_1829959.flac,real
dataset_asv\real_speech\LA_T_1830509.flac,real
dataset_asv\real_speech\LA_T_1831818.flac,real
dataset_asv\real_speech\LA_T_1832323.flac,real
dataset_asv\real_speech\LA_T_1836557.flac,real
dataset_asv\real_speech\LA_T_1839678.flac,real
dataset_asv\real_speech\LA_T_1840394.flac,real
dataset_asv\real_speech\LA_T_1843642.flac,real
dataset_asv\real_speech\LA_T_1845257.flac,real
dataset_asv\real_speech\LA_T_1846342.flac,real
dataset_asv\real_speech\LA_T_1853533.flac,real
dataset_asv\real_speech\LA_T_1856855.flac,real
dataset_asv\real_speech\LA_T_1859956.flac,real
dataset_asv\real_speech\LA_T_1861398.flac,real
dataset_asv\real_speech\LA_T_1864383.flac,real
dataset_asv\real_speech\LA_T_1869165.flac,real
dataset_asv\real_speech\LA_T_1869525.flac,real
dataset_asv\real_speech\LA_T_1870524.flac,real
dataset_asv\real_speech\LA_T_1870772.flac,real
dataset_asv\real_speech\LA_T_1873366.flac,real
dataset_asv\real_speech\LA_T_1874118.flac,real
dataset_asv\real_speech\LA_T_1878391.flac,real
dataset_asv\real_speech\LA_T_1882969.flac,real
dataset_asv\real_speech\LA_T_1888223.flac,real
dataset_asv\real_speech\LA_T_1892730.flac,real
dataset_asv\real_speech\LA_T_1895676.flac,real
dataset_asv\real_speech\LA_T_1896623.flac,real
dataset_asv\real_speech\LA_T_1897758.flac,real
dataset_asv\real_speech\LA_T_1897788.flac,real
dataset_asv\real_speech\LA_T_1905558.flac,real
dataset_asv\real_speech\LA_T_1908512.flac,real
dataset_asv\real_speech\LA_T_1909202.flac,real
dataset_asv\real_speech\LA_T_1914243.flac,real
dataset_asv\real_speech\LA_T_1922746.flac,real
dataset_asv\real_speech\LA_T_1923872.flac,real
dataset_asv\real_speech\LA_T_1926066.flac,real
dataset_asv\real_speech\LA_T_1931571.flac,real
dataset_asv\real_speech\LA_T_1933336.flac,real
dataset_asv\real_speech\LA_T_1933449.flac,real
dataset_asv\real_speech\LA_T_1934754.flac,real
dataset_asv\real_speech\LA_T_1937797.flac,real
dataset_asv\real_speech\LA_T_1939177.flac,real
dataset_asv\real_speech\LA_T_1940419.flac,real
dataset_asv\real_speech\LA_T_1946144.flac,real
dataset_asv\real_speech\LA_T_1947138.flac,real
dataset_asv\real_speech\LA_T_1948575.flac,real
dataset_asv\real_speech\LA_T_1955947.flac,real
dataset_asv\real_speech\LA_T_1963829.flac,real
dataset_asv\real_speech\LA_T_1970201.flac,real
dataset_asv\real_speech\LA_T_1979527.flac,real
dataset_asv\real_speech\LA_T_1986901.flac,real
dataset_asv\real_speech\LA_T_1991708.flac,real
dataset_asv\real_speech\LA_T_2003699.flac,real
dataset_asv\real_speech\LA_T_2007838.flac,real
dataset_asv\real_speech\LA_T_2009235.flac,real
dataset_asv\real_speech\LA_T_2012289.flac,real
dataset_asv\real_speech\LA_T_2019805.flac,real
dataset_asv\real_speech\LA_T_2023579.flac,real
dataset_asv\real_speech\LA_T_2026553.flac,real
dataset_asv\real_speech\LA_T_2030494.flac,real
dataset_asv\real_speech\LA_T_2031287.flac,real
dataset_asv\real_speech\LA_T_2032733.flac,real
dataset_asv\real_speech\LA_T_2033687.flac,real
dataset_asv\real_speech\LA_T_2034214.flac,real
dataset_asv\real_speech\LA_T_2043279.flac,real
dataset_asv\real_speech\LA_T_2054424.flac,real
dataset_asv\real_speech\LA_T_2065195.flac,real
dataset_asv\real_speech\LA_T_2066209.flac,real
dataset_asv\real_speech\LA_T_2069626.flac,real
dataset_asv\real_speech\LA_T_2070410.flac,real
dataset_asv\real_speech\LA_T_2079451.flac,real
dataset_asv\real_speech\LA_T_2084171.flac,real
dataset_asv\real_speech\LA_T_2085766.flac,real
dataset_asv\real_speech\LA_T_2089894.flac,real
dataset_asv\real_speech\LA_T_2091969.flac,real
dataset_asv\real_speech\LA_T_2092466.flac,real
dataset_asv\real_speech\LA_T_2100932.flac,real
dataset_asv\real_speech\LA_T_2101210.flac,real
dataset_asv\real_speech\LA_T_2109303.flac,real
dataset_asv\real_speech\LA_T_2109491.flac,real
dataset_asv\real_speech\LA_T_2112754.flac,real
dataset_asv\real_speech\LA_T_2113561.flac,real
dataset_asv\real_speech\LA_T_2117022.flac,real
dataset_asv\real_speech\LA_T_2118892.flac,real
dataset_asv\real_speech\LA_T_2123226.flac,real
dataset_asv\real_speech\LA_T_2123366.flac,real
dataset_asv\real_speech\LA_T_2127844.flac,real
dataset_asv\real_speech\LA_T_2129069.flac,real
dataset_asv\real_speech\LA_T_2130583.flac,real
dataset_asv\real_speech\LA_T_2136477.flac,real
dataset_asv\real_speech\LA_T_2139401.flac,real
dataset_asv\real_speech\LA_T_2144764.flac,real
dataset_asv\real_speech\LA_T_2145141.flac,real
dataset_asv\real_speech\LA_T_2147294.flac,real
dataset_asv\real_speech\LA_T_2147641.flac,real
dataset_asv\real_speech\LA_T_2158689.flac,real
dataset_asv\real_speech\LA_T_2167549.flac,real
dataset_asv\real_speech\LA_T_2170687.flac,real
dataset_asv\real_speech\LA_T_2175978.flac,real
dataset_asv\real_speech\LA_T_2176518.flac,real
dataset_asv\real_speech\LA_T_2189044.flac,real
dataset_asv\real_speech\LA_T_2189446.flac,real
dataset_asv\real_speech\LA_T_2192287.flac,real
dataset_asv\real_speech\LA_T_2193666.flac,real
dataset_asv\real_speech\LA_T_2193944.flac,real
dataset_asv\real_speech\LA_T_2195795.flac,real
dataset_asv\real_speech\LA_T_2201500.flac,real
dataset_asv\real_speech\LA_T_2202252.flac,real
dataset_asv\real_speech\LA_T_2202862.flac,real
dataset_asv\real_speech\LA_T_2205687.flac,real
dataset_asv\real_speech\LA_T_2207320.flac,real
dataset_asv\real_speech\LA_T_2207566.flac,real
dataset_asv\real_speech\LA_T_2216602.flac,real
dataset_asv\real_speech\LA_T_2217523.flac,real
dataset_asv\real_speech\LA_T_2220901.flac,real
dataset_asv\real_speech\LA_T_2224597.flac,real
dataset_asv\real_speech\LA_T_2226656.flac,real
dataset_asv\real_speech\LA_T_2239255.flac,real
dataset_asv\real_speech\LA_T_2245366.flac,real
dataset_asv\real_speech\LA_T_2253051.flac,real
dataset_asv\real_speech\LA_T_2256140.flac,real
dataset_asv\real_speech\LA_T_2257126.flac,real
dataset_asv\real_speech\LA_T_2267510.flac,real
dataset_asv\real_speech\LA_T_2269650.flac,real
dataset_asv\real_speech\LA_T_2272655.flac,real
dataset_asv\real_speech\LA_T_2280500.flac,real
dataset_asv\real_speech\LA_T_2281446.flac,real
dataset_asv\real_speech\LA_T_2284275.flac,real
dataset_asv\real_speech\LA_T_2297014.flac,real
dataset_asv\real_speech\LA_T_2299372.flac,real
dataset_asv\real_speech\LA_T_2304357.flac,real
dataset_asv\real_speech\LA_T_2305882.flac,real
dataset_asv\real_speech\LA_T_2307815.flac,real
dataset_asv\real_speech\LA_T_2319006.flac,real
dataset_asv\real_speech\LA_T_2324368.flac,real
dataset_asv\real_speech\LA_T_2335057.flac,real
dataset_asv\real_speech\LA_T_2343426.flac,real
dataset_asv\real_speech\LA_T_2345808.flac,real
dataset_asv\real_speech\LA_T_2347217.flac,real
dataset_asv\real_speech\LA_T_2351250.flac,real
dataset_asv\real_speech\LA_T_2354787.flac,real
dataset_asv\real_speech\LA_T_2356349.flac,real
dataset_asv\real_speech\LA_T_2361518.flac,real
dataset_asv\real_speech\LA_T_2361751.flac,real
dataset_asv\real_speech\LA_T_2363469.flac,real
dataset_asv\real_speech\LA_T_2366817.flac,real
dataset_asv\real_speech\LA_T_2371044.flac,real
dataset_asv\real_speech\LA_T_2373806.flac,real
dataset_asv\real_speech\LA_T_2376874.flac,real
dataset_asv\real_speech\LA_T_2386039.flac,real
dataset_asv\real_speech\LA_T_2388783.flac,real
dataset_asv\real_speech\LA_T_2394703.flac,real
dataset_asv\real_speech\LA_T_2396357.flac,real
dataset_asv\real_speech\LA_T_2397067.flac,real
dataset_asv\real_speech\LA_T_2401614.flac,real
dataset_asv\real_speech\LA_T_2406356.flac,real
dataset_asv\real_speech\LA_T_2407071.flac,real
dataset_asv\real_speech\LA_T_2407353.flac,real
dataset_asv\real_speech\LA_T_2417641.flac,real
dataset_asv\real_speech\LA_T_2419538.flac,real
dataset_asv\real_speech\LA_T_2424483.flac,real
dataset_asv\real_speech\LA_T_2432967.flac,real
dataset_asv\real_speech\LA_T_2435826.flac,real
dataset_asv\real_speech\LA_T_2437964.flac,real
dataset_asv\real_speech\LA_T_2439075.flac,real
dataset_asv\real_speech\LA_T_2441274.flac,real
dataset_asv\real_speech\LA_T_2443046.flac,real
dataset_asv\real_speech\LA_T_2450169.flac,real
dataset_asv\real_speech\LA_T_2454697.flac,real
dataset_asv\real_speech\LA_T_2465871.flac,real
dataset_asv\real_speech\LA_T_2474244.flac,real
dataset_asv\real_speech\LA_T_2476165.flac,real
dataset_asv\real_speech\LA_T_2482961.flac,real
dataset_asv\real_speech\LA_T_2486958.flac,real
dataset_asv\real_speech\LA_T_2489865.flac,real
dataset_asv\real_speech\LA_T_2498754.flac,real
dataset_asv\real_speech\LA_T_2500033.flac,real
dataset_asv\real_speech\LA_T_2502033.flac,real
dataset_asv\real_speech\LA_T_2504535.flac,real
dataset_asv\real_speech\LA_T_2507189.flac,real
dataset_asv\real_speech\LA_T_2507487.flac,real
dataset_asv\real_speech\LA_T_2508565.flac,real
dataset_asv\real_speech\LA_T_2513767.flac,real
dataset_asv\real_speech\LA_T_2520083.flac,real
dataset_asv\real_speech\LA_T_2520647.flac,real
dataset_asv\real_speech\LA_T_2522205.flac,real
dataset_asv\real_speech\LA_T_2528047.flac,real
dataset_asv\real_speech\LA_T_2532093.flac,real
dataset_asv\real_speech\LA_T_2534170.flac,real
dataset_asv\real_speech\LA_T_2534579.flac,real
dataset_asv\real_speech\LA_T_2535749.flac,real
dataset_asv\real_speech\LA_T_2537892.flac,real
dataset_asv\real_speech\LA_T_2542674.flac,real
dataset_asv\real_speech\LA_T_2545476.flac,real
dataset_asv\real_speech\LA_T_2545938.flac,real
dataset_asv\real_speech\LA_T_2547007.flac,real
dataset_asv\real_speech\LA_T_2547751.flac,real
dataset_asv\real_speech\LA_T_2550088.flac,real
dataset_asv\real_speech\LA_T_2555028.flac,real
dataset_asv\real_speech\LA_T_2556562.flac,real
dataset_asv\real_speech\LA_T_2559146.flac,real
dataset_asv\real_speech\LA_T_2560383.flac,real
dataset_asv\real_speech\LA_T_2560396.flac,real
dataset_asv\real_speech\LA_T_2562689.flac,real
dataset_asv\real_speech\LA_T_2564579.flac,real
dataset_asv\real_speech\LA_T_2572311.flac,real
dataset_asv\real_speech\LA_T_2579152.flac,real
dataset_asv\real_speech\LA_T_2579587.flac,real
dataset_asv\real_speech\LA_T_2579591.flac,real
dataset_asv\real_speech\LA_T_2579773.flac,real
dataset_asv\real_speech\LA_T_2580639.flac,real
dataset_asv\real_speech\LA_T_2582808.flac,real
dataset_asv\real_speech\LA_T_2598025.flac,real
dataset_asv\real_speech\LA_T_2598851.flac,real
dataset_asv\real_speech\LA_T_2599380.flac,real
dataset_asv\real_speech\LA_T_2599995.flac,real
dataset_asv\real_speech\LA_T_2601192.flac,real
dataset_asv\real_speech\LA_T_2606704.flac,real
dataset_asv\real_speech\LA_T_2607307.flac,real
dataset_asv\real_speech\LA_T_2610237.flac,real
dataset_asv\real_speech\LA_T_2614843.flac,real
dataset_asv\real_speech\LA_T_2615390.flac,real
dataset_asv\real_speech\LA_T_2616885.flac,real
dataset_asv\real_speech\LA_T_2618051.flac,real
dataset_asv\real_speech\LA_T_2622954.flac,real
dataset_asv\real_speech\LA_T_2623490.flac,real
dataset_asv\real_speech\LA_T_2628833.flac,real
dataset_asv\real_speech\LA_T_2634789.flac,real
dataset_asv\real_speech\LA_T_2642014.flac,real
dataset_asv\real_speech\LA_T_2642748.flac,real
dataset_asv\real_speech\LA_T_2646474.flac,real
dataset_asv\real_speech\LA_T_2653144.flac,real
dataset_asv\real_speech\LA_T_2662915.flac,real
dataset_asv\real_speech\LA_T_2669204.flac,real
dataset_asv\real_speech\LA_T_2675422.flac,real
dataset_asv\real_speech\LA_T_2682425.flac,real
dataset_asv\real_speech\LA_T_2684786.flac,real
dataset_asv\real_speech\LA_T_2698001.flac,real
dataset_asv\real_speech\LA_T_2699884.flac,real
dataset_asv\real_speech\LA_T_2707835.flac,real
dataset_asv\fake_speech\LA_T_1000137.flac,fake
dataset_asv\fake_speech\LA_T_1000648.flac,fake
dataset_asv\fake_speech\LA_T_1000824.flac,fake
dataset_asv\fake_speech\LA_T_1001074.flac,fake
dataset_asv\fake_speech\LA_T_1001114.flac,fake
dataset_asv\fake_speech\LA_T_1001169.flac,fake
dataset_asv\fake_speech\LA_T_1001718.flac,fake
dataset_asv\fake_speech\LA_T_1001871.flac,fake
dataset_asv\fake_speech\LA_T_1002656.flac,fake
dataset_asv\fake_speech\LA_T_1003665.flac,fake
dataset_asv\fake_speech\LA_T_1004407.flac,fake
dataset_asv\fake_speech\LA_T_1004631.flac,fake
dataset_asv\fake_speech\LA_T_1004644.flac,fake
dataset_asv\fake_speech\LA_T_1005349.flac,fake
dataset_asv\fake_speech\LA_T_1006715.flac,fake
dataset_asv\fake_speech\LA_T_1006969.flac,fake
dataset_asv\fake_speech\LA_T_1007217.flac,fake
dataset_asv\fake_speech\LA_T_1007283.flac,fake
dataset_asv\fake_speech\LA_T_1007408.flac,fake
dataset_asv\fake_speech\LA_T_1007615.flac,fake
dataset_asv\fake_speech\LA_T_1007914.flac,fake
dataset_asv\fake_speech\LA_T_1008492.flac,fake
dataset_asv\fake_speech\LA_T_1009193.flac,fake
dataset_asv\fake_speech\LA_T_1010025.flac,fake
dataset_asv\fake_speech\LA_T_1010137.flac,fake
dataset_asv\fake_speech\LA_T_1010799.flac,fake
dataset_asv\fake_speech\LA_T_1010949.flac,fake
dataset_asv\fake_speech\LA_T_1011022.flac,fake
dataset_asv\fake_speech\LA_T_1011920.flac,fake
dataset_asv\fake_speech\LA_T_1012129.flac,fake
dataset_asv\fake_speech\LA_T_1012583.flac,fake
dataset_asv\fake_speech\LA_T_1013068.flac,fake
dataset_asv\fake_speech\LA_T_1013549.flac,fake
dataset_asv\fake_speech\LA_T_1014095.flac,fake
dataset_asv\fake_speech\LA_T_1014341.flac,fake
dataset_asv\fake_speech\LA_T_1015917.flac,fake
dataset_asv\fake_speech\LA_T_1016062.flac,fake
dataset_asv\fake_speech\LA_T_1016803.flac,fake
dataset_asv\fake_speech\LA_T_1017036.flac,fake
dataset_asv\fake_speech\LA_T_1017164.flac,fake
dataset_asv\fake_speech\LA_T_1017249.flac,fake
dataset_asv\fake_speech\LA_T_1017386.flac,fake
dataset_asv\fake_speech\LA_T_1018227.flac,fake
dataset_asv\fake_speech\LA_T_1019645.flac,fake
dataset_asv\fake_speech\LA_T_1021310.flac,fake
dataset_asv\fake_speech\LA_T_1021749.flac,fake
dataset_asv\fake_speech\LA_T_1021789.flac,fake
dataset_asv\fake_speech\LA_T_1022109.flac,fake
dataset_asv\fake_speech\LA_T_1022551.flac,fake
dataset_asv\fake_speech\LA_T_1023667.flac,fake
dataset_asv\fake_speech\LA_T_1024889.flac,fake
dataset_asv\fake_speech\LA_T_1025067.flac,fake
dataset_asv\fake_speech\LA_T_1025399.flac,fake
dataset_asv\fake_speech\LA_T_1025525.flac,fake
dataset_asv\fake_speech\LA_T_1026006.flac,fake
dataset_asv\fake_speech\LA_T_1026106.flac,fake
dataset_asv\fake_speech\LA_T_1026130.flac,fake
dataset_asv\fake_speech\LA_T_1026727.flac,fake
dataset_asv\fake_speech\LA_T_1026765.flac,fake
dataset_asv\fake_speech\LA_T_1027268.flac,fake
dataset_asv\fake_speech\LA_T_1028046.flac,fake
dataset_asv\fake_speech\LA_T_1028533.flac,fake
dataset_asv\fake_speech\LA_T_1029007.flac,fake
dataset_asv\fake_speech\LA_T_1029621.flac,fake
dataset_asv\fake_speech\LA_T_1029929.flac,fake
dataset_asv\fake_speech\LA_T_1030180.flac,fake
dataset_asv\fake_speech\LA_T_1030482.flac,fake
dataset_asv\fake_speech\LA_T_1030559.flac,fake
dataset_asv\fake_speech\LA_T_1030843.flac,fake
dataset_asv\fake_speech\LA_T_1031792.flac,fake
dataset_asv\fake_speech\LA_T_1032064.flac,fake
dataset_asv\fake_speech\LA_T_1032079.flac,fake
dataset_asv\fake_speech\LA_T_1032598.flac,fake
dataset_asv\fake_speech\LA_T_1033159.flac,fake
dataset_asv\fake_speech\LA_T_1033197.flac,fake
dataset_asv\fake_speech\LA_T_1033243.flac,fake
dataset_asv\fake_speech\LA_T_1033465.flac,fake
dataset_asv\fake_speech\LA_T_1033664.flac,fake
dataset_asv\fake_speech\LA_T_1034027.flac,fake
dataset_asv\fake_speech\LA_T_1034308.flac,fake
dataset_asv\fake_speech\LA_T_1034356.flac,fake
dataset_asv\fake_speech\LA_T_1034416.flac,fake
dataset_asv\fake_speech\LA_T_1034552.flac,fake
dataset_asv\fake_speech\LA_T_1035039.flac,fake
dataset_asv\fake_speech\LA_T_1035222.flac,fake
dataset_asv\fake_speech\LA_T_1035981.flac,fake
dataset_asv\fake_speech\LA_T_1036415.flac,fake
dataset_asv\fake_speech\LA_T_1036683.flac,fake
dataset_asv\fake_speech\LA_T_1036998.flac,fake
dataset_asv\fake_speech\LA_T_1037573.flac,fake
dataset_asv\fake_speech\LA_T_1037774.flac,fake
dataset_asv\fake_speech\LA_T_1037807.flac,fake
dataset_asv\fake_speech\LA_T_1037879.flac,fake
dataset_asv\fake_speech\LA_T_1038078.flac,fake
dataset_asv\fake_speech\LA_T_1038101.flac,fake
dataset_asv\fake_speech\LA_T_1038282.flac,fake
dataset_asv\fake_speech\LA_T_1039087.flac,fake
dataset_asv\fake_speech\LA_T_1039152.flac,fake
dataset_asv\fake_speech\LA_T_1039167.flac,fake
dataset_asv\fake_speech\LA_T_1039538.flac,fake
dataset_asv\fake_speech\LA_T_1039703.flac,fake
dataset_asv\fake_speech\LA_T_1040088.flac,fake
dataset_asv\fake_speech\LA_T_1040732.flac,fake
dataset_asv\fake_speech\LA_T_1041151.flac,fake
dataset_asv\fake_speech\LA_T_1041400.flac,fake
dataset_asv\fake_speech\LA_T_1041465.flac,fake
dataset_asv\fake_speech\LA_T_1042175.flac,fake
dataset_asv\fake_speech\LA_T_1042549.flac,fake
dataset_asv\fake_speech\LA_T_1042958.flac,fake
dataset_asv\fake_speech\LA_T_1042969.flac,fake
dataset_asv\fake_speech\LA_T_1042985.flac,fake
dataset_asv\fake_speech\LA_T_1043044.flac,fake
dataset_asv\fake_speech\LA_T_1044167.flac,fake
dataset_asv\fake_speech\LA_T_1044186.flac,fake
dataset_asv\fake_speech\LA_T_1044202.flac,fake
dataset_asv\fake_speech\LA_T_1044344.flac,fake
dataset_asv\fake_speech\LA_T_1044512.flac,fake
dataset_asv\fake_speech\LA_T_1044749.flac,fake
dataset_asv\fake_speech\LA_T_1045333.flac,fake
dataset_asv\fake_speech\LA_T_1045827.flac,fake
dataset_asv\fake_speech\LA_T_1045996.flac,fake
dataset_asv\fake_speech\LA_T_1046090.flac,fake
dataset_asv\fake_speech\LA_T_1046563.flac,fake
dataset_asv\fake_speech\LA_T_1047588.flac,fake
dataset_asv\fake_speech\LA_T_1049212.flac,fake
dataset_asv\fake_speech\LA_T_1049794.flac,fake
dataset_asv\fake_speech\LA_T_1049856.flac,fake
dataset_asv\fake_speech\LA_T_1050944.flac,fake
dataset_asv\fake_speech\LA_T_1050952.flac,fake
dataset_asv\fake_speech\LA_T_1051161.flac,fake
dataset_asv\fake_speech\LA_T_1051229.flac,fake
dataset_asv\fake_speech\LA_T_1051754.flac,fake
dataset_asv\fake_speech\LA_T_1051843.flac,fake
dataset_asv\fake_speech\LA_T_1053104.flac,fake
dataset_asv\fake_speech\LA_T_1053141.flac,fake
dataset_asv\fake_speech\LA_T_1053692.flac,fake
dataset_asv\fake_speech\LA_T_1054176.flac,fake
dataset_asv\fake_speech\LA_T_1054204.flac,fake
dataset_asv\fake_speech\LA_T_1054206.flac,fake
dataset_asv\fake_speech\LA_T_1055109.flac,fake
dataset_asv\fake_speech\LA_T_1055655.flac,fake
dataset_asv\fake_speech\LA_T_1056013.flac,fake
dataset_asv\fake_speech\LA_T_1056344.flac,fake
dataset_asv\fake_speech\LA_T_1056690.flac,fake
dataset_asv\fake_speech\LA_T_1056709.flac,fake
dataset_asv\fake_speech\LA_T_1057046.flac,fake
dataset_asv\fake_speech\LA_T_1057453.flac,fake
dataset_asv\fake_speech\LA_T_1057673.flac,fake
dataset_asv\fake_speech\LA_T_1058915.flac,fake
dataset_asv\fake_speech\LA_T_1059252.flac,fake
dataset_asv\fake_speech\LA_T_1059324.flac,fake
dataset_asv\fake_speech\LA_T_1059937.flac,fake
dataset_asv\fake_speech\LA_T_1060413.flac,fake
dataset_asv\fake_speech\LA_T_1060760.flac,fake
dataset_asv\fake_speech\LA_T_1060877.flac,fake
dataset_asv\fake_speech\LA_T_1061562.flac,fake
dataset_asv\fake_speech\LA_T_1061575.flac,fake
dataset_asv\fake_speech\LA_T_1062461.flac,fake
dataset_asv\fake_speech\LA_T_1063619.flac,fake
dataset_asv\fake_speech\LA_T_1064423.flac,fake
dataset_asv\fake_speech\LA_T_1064484.flac,fake
dataset_asv\fake_speech\LA_T_1064797.flac,fake
dataset_asv\fake_speech\LA_T_1065455.flac,fake
dataset_asv\fake_speech\LA_T_1065893.flac,fake
dataset_asv\fake_speech\LA_T_1066145.flac,fake
dataset_asv\fake_speech\LA_T_1066374.flac,fake
dataset_asv\fake_speech\LA_T_1066444.flac,fake
dataset_asv\fake_speech\LA_T_1067322.flac,fake
dataset_asv\fake_speech\LA_T_1067553.flac,fake
dataset_asv\fake_speech\LA_T_1067682.flac,fake
dataset_asv\fake_speech\LA_T_1067825.flac,fake
dataset_asv\fake_speech\LA_T_1068454.flac,fake
dataset_asv\fake_speech\LA_T_1068558.flac,fake
dataset_asv\fake_speech\LA_T_1069045.flac,fake
dataset_asv\fake_speech\LA_T_1069321.flac,fake
dataset_asv\fake_speech\LA_T_1069388.flac,fake
dataset_asv\fake_speech\LA_T_1069506.flac,fake
dataset_asv\fake_speech\LA_T_1070377.flac,fake
dataset_asv\fake_speech\LA_T_1071120.flac,fake
dataset_asv\fake_speech\LA_T_1071128.flac,fake
dataset_asv\fake_speech\LA_T_1071183.flac,fake
dataset_asv\fake_speech\LA_T_1072331.flac,fake
dataset_asv\fake_speech\LA_T_1072591.flac,fake
dataset_asv\fake_speech\LA_T_1072646.flac,fake
dataset_asv\fake_speech\LA_T_1073026.flac,fake
dataset_asv\fake_speech\LA_T_1074433.flac,fake
dataset_asv\fake_speech\LA_T_1074765.flac,fake
dataset_asv\fake_speech\LA_T_1075258.flac,fake
dataset_asv\fake_speech\LA_T_1075556.flac,fake
dataset_asv\fake_speech\LA_T_1076032.flac,fake
dataset_asv\fake_speech\LA_T_1076210.flac,fake
dataset_asv\fake_speech\LA_T_1076834.flac,fake
dataset_asv\fake_speech\LA_T_1076943.flac,fake
dataset_asv\fake_speech\LA_T_1077459.flac,fake
dataset_asv\fake_speech\LA_T_1077649.flac,fake
dataset_asv\fake_speech\LA_T_1078480.flac,fake
dataset_asv\fake_speech\LA_T_1078605.flac,fake
dataset_asv\fake_speech\LA_T_1078877.flac,fake
dataset_asv\fake_speech\LA_T_1079079.flac,fake
dataset_asv\fake_speech\LA_T_1079147.flac,fake
dataset_asv\fake_speech\LA_T_1079418.flac,fake
dataset_asv\fake_speech\LA_T_1079836.flac,fake
dataset_asv\fake_speech\LA_T_1081004.flac,fake
dataset_asv\fake_speech\LA_T_1081350.flac,fake
dataset_asv\fake_speech\LA_T_1081570.flac,fake
dataset_asv\fake_speech\LA_T_1081692.flac,fake
dataset_asv\fake_speech\LA_T_1081824.flac,fake
dataset_asv\fake_speech\LA_T_1081925.flac,fake
dataset_asv\fake_speech\LA_T_1082540.flac,fake
dataset_asv\fake_speech\LA_T_1083055.flac,fake
dataset_asv\fake_speech\LA_T_1083769.flac,fake
dataset_asv\fake_speech\LA_T_1083978.flac,fake
dataset_asv\fake_speech\LA_T_1084255.flac,fake
dataset_asv\fake_speech\LA_T_1085622.flac,fake
dataset_asv\fake_speech\LA_T_1085646.flac,fake
dataset_asv\fake_speech\LA_T_1085704.flac,fake
dataset_asv\fake_speech\LA_T_1085866.flac,fake
dataset_asv\fake_speech\LA_T_1085885.flac,fake
dataset_asv\fake_speech\LA_T_1086559.flac,fake
dataset_asv\fake_speech\LA_T_1087286.flac,fake
dataset_asv\fake_speech\LA_T_1087556.flac,fake
dataset_asv\fake_speech\LA_T_1087609.flac,fake
dataset_asv\fake_speech\LA_T_1087632.flac,fake
dataset_asv\fake_speech\LA_T_1087807.flac,fake
dataset_asv\fake_speech\LA_T_1088154.flac,fake
dataset_asv\fake_speech\LA_T_1088160.flac,fake
dataset_asv\fake_speech\LA_T_1088332.flac,fake
dataset_asv\fake_speech\LA_T_1088656.flac,fake
dataset_asv\fake_speech\LA_T_1090341.flac,fake
dataset_asv\fake_speech\LA_T_1090563.flac,fake
dataset_asv\fake_speech\LA_T_1090723.flac,fake
dataset_asv\fake_speech\LA_T_1090807.flac,fake
dataset_asv\fake_speech\LA_T_1090966.flac,fake
dataset_asv\fake_speech\LA_T_1091140.flac,fake
dataset_asv\fake_speech\LA_T_1091414.flac,fake
dataset_asv\fake_speech\LA_T_1091875.flac,fake
dataset_asv\fake_speech\LA_T_1092005.flac,fake
dataset_asv\fake_speech\LA_T_1092563.flac,fake
dataset_asv\fake_speech\LA_T_1093716.flac,fake
dataset_asv\fake_speech\LA_T_1094085.flac,fake
dataset_asv\fake_speech\LA_T_1095031.flac,fake
dataset_asv\fake_speech\LA_T_1095420.flac,fake
dataset_asv\fake_speech\LA_T_1095850.flac,fake
dataset_asv\fake_speech\LA_T_1096586.flac,fake
dataset_asv\fake_speech\LA_T_1096613.flac,fake
dataset_asv\fake_speech\LA_T_1097088.flac,fake
dataset_asv\fake_speech\LA_T_1097440.flac,fake
dataset_asv\fake_speech\LA_T_1097604.flac,fake
dataset_asv\fake_speech\LA_T_1097864.flac,fake
dataset_asv\fake_speech\LA_T_1098525.flac,fake
dataset_asv\fake_speech\LA_T_1098857.flac,fake
dataset_asv\fake_speech\LA_T_1099214.flac,fake
dataset_asv\fake_speech\LA_T_1099910.flac,fake
dataset_asv\fake_speech\LA_T_1100114.flac,fake
dataset_asv\fake_speech\LA_T_1100207.flac,fake
dataset_asv\fake_speech\LA_T_1100628.flac,fake
dataset_asv\fake_speech\LA_T_1101479.flac,fake
dataset_asv\fake_speech\LA_T_1103057.flac,fake
dataset_asv\fake_speech\LA_T_1103144.flac,fake
dataset_asv\fake_speech\LA_T_1103401.flac,fake
dataset_asv\fake_speech\LA_T_1103630.flac,fake
dataset_asv\fake_speech\LA_T_1103710.flac,fake
dataset_asv\fake_speech\LA_T_1103936.flac,fake
dataset_asv\fake_speech\LA_T_1107106.flac,fake
dataset_asv\fake_speech\LA_T_1107524.flac,fake
dataset_asv\fake_speech\LA_T_1107565.flac,fake
dataset_asv\fake_speech\LA_T_1107670.flac,fake
dataset_asv\fake_speech\LA_T_1108020.flac,fake
dataset_asv\fake_speech\LA_T_1108702.flac,fake
dataset_asv\fake_speech\LA_T_1108824.flac,fake
dataset_asv\fake_speech\LA_T_1108840.flac,fake
dataset_asv\fake_speech\LA_T_1109145.flac,fake
dataset_asv\fake_speech\LA_T_1109278.flac,fake
dataset_asv\fake_speech\LA_T_1109462.flac,fake
dataset_asv\fake_speech\LA_T_1109788.flac,fake
dataset_asv\fake_speech\LA_T_1109955.flac,fake
dataset_asv\fake_speech\LA_T_1110572.flac,fake
dataset_asv\fake_speech\LA_T_1110673.flac,fake
dataset_asv\fake_speech\LA_T_1110914.flac,fake
dataset_asv\fake_speech\LA_T_1111107.flac,fake
dataset_asv\fake_speech\LA_T_1111764.flac,fake
dataset_asv\fake_speech\LA_T_1113457.flac,fake
dataset_asv\fake_speech\LA_T_1113931.flac,fake
dataset_asv\fake_speech\LA_T_1113976.flac,fake
dataset_asv\fake_speech\LA_T_1114442.flac,fake
dataset_asv\fake_speech\LA_T_1115054.flac,fake
dataset_asv\fake_speech\LA_T_1115237.flac,fake
dataset_asv\fake_speech\LA_T_1116030.flac,fake
dataset_asv\fake_speech\LA_T_1116175.flac,fake
dataset_asv\fake_speech\LA_T_1116187.flac,fake
dataset_asv\fake_speech\LA_T_1116345.flac,fake
dataset_asv\fake_speech\LA_T_1116382.flac,fake
dataset_asv\fake_speech\LA_T_1117199.flac,fake
dataset_asv\fake_speech\LA_T_1117664.flac,fake
dataset_asv\fake_speech\LA_T_1119401.flac,fake
dataset_asv\fake_speech\LA_T_1119555.flac,fake
dataset_asv\fake_speech\LA_T_1119789.flac,fake
dataset_asv\fake_speech\LA_T_1119899.flac,fake
dataset_asv\fake_speech\LA_T_1120474.flac,fake
dataset_asv\fake_speech\LA_T_1120592.flac,fake
dataset_asv\fake_speech\LA_T_1120947.flac,fake
dataset_asv\fake_speech\LA_T_1121656.flac,fake
dataset_asv\fake_speech\LA_T_1121855.flac,fake
dataset_asv\fake_speech\LA_T_1121974.flac,fake
dataset_asv\fake_speech\LA_T_1122058.flac,fake
dataset_asv\fake_speech\LA_T_1122769.flac,fake
dataset_asv\fake_speech\LA_T_1122961.flac,fake
dataset_asv\fake_speech\LA_T_1123577.flac,fake
dataset_asv\fake_speech\LA_T_1124738.flac,fake
dataset_asv\fake_speech\LA_T_1124839.flac,fake
dataset_asv\fake_speech\LA_T_1125418.flac,fake
dataset_asv\fake_speech\LA_T_1126002.flac,fake
dataset_asv\fake_speech\LA_T_1126118.flac,fake
dataset_asv\fake_speech\LA_T_1126227.flac,fake
dataset_asv\fake_speech\LA_T_1126698.flac,fake
dataset_asv\fake_speech\LA_T_1127197.flac,fake
dataset_asv\fake_speech\LA_T_1128284.flac,fake
dataset_asv\fake_speech\LA_T_1128453.flac,fake
dataset_asv\fake_speech\LA_T_1128464.flac,fake
dataset_asv\fake_speech\LA_T_1129547.flac,fake
dataset_asv\fake_speech\LA_T_1129923.flac,fake
dataset_asv\fake_speech\LA_T_1130054.flac,fake
dataset_asv\fake_speech\LA_T_1130076.flac,fake
dataset_asv\fake_speech\LA_T_1130675.flac,fake
dataset_asv\fake_speech\LA_T_1130893.flac,fake
dataset_asv\fake_speech\LA_T_1131555.flac,fake
dataset_asv\fake_speech\LA_T_1132062.flac,fake
dataset_asv\fake_speech\LA_T_1132403.flac,fake
dataset_asv\fake_speech\LA_T_1132475.flac,fake
dataset_asv\fake_speech\LA_T_1133512.flac,fake
dataset_asv\fake_speech\LA_T_1133929.flac,fake
dataset_asv\fake_speech\LA_T_1134314.flac,fake
dataset_asv\fake_speech\LA_T_1134598.flac,fake
dataset_asv\fake_speech\LA_T_1134909.flac,fake
dataset_asv\fake_speech\LA_T_1134997.flac,fake
dataset_asv\fake_speech\LA_T_1135747.flac,fake
dataset_asv\fake_speech\LA_T_1136677.flac,fake
dataset_asv\fake_speech\LA_T_1136756.flac,fake
dataset_asv\fake_speech\LA_T_1137226.flac,fake
dataset_asv\fake_speech\LA_T_1137533.flac,fake
dataset_asv\fake_speech\LA_T_1137883.flac,fake
dataset_asv\fake_speech\LA_T_1137942.flac,fake
dataset_asv\fake_speech\LA_T_1138237.flac,fake
dataset_asv\fake_speech\LA_T_1139785.flac,fake
dataset_asv\fake_speech\LA_T_1140654.flac,fake
dataset_asv\fake_speech\LA_T_1141725.flac,fake
dataset_asv\fake_speech\LA_T_1142053.flac,fake
dataset_asv\fake_speech\LA_T_1142427.flac,fake
dataset_asv\fake_speech\LA_T_1143756.flac,fake
dataset_asv\fake_speech\LA_T_1145282.flac,fake
dataset_asv\fake_speech\LA_T_1145741.flac,fake
dataset_asv\fake_speech\LA_T_1146351.flac,fake
dataset_asv\fake_speech\LA_T_1146868.flac,fake
dataset_asv\fake_speech\LA_T_1146967.flac,fake
dataset_asv\fake_speech\LA_T_1147364.flac,fake
dataset_asv\fake_speech\LA_T_1147552.flac,fake
dataset_asv\fake_speech\LA_T_1147556.flac,fake
dataset_asv\fake_speech\LA_T_1148129.flac,fake
dataset_asv\fake_speech\LA_T_1148175.flac,fake
dataset_asv\fake_speech\LA_T_1148535.flac,fake
dataset_asv\fake_speech\LA_T_1148654.flac,fake
dataset_asv\fake_speech\LA_T_1148844.flac,fake
dataset_asv\fake_speech\LA_T_1148993.flac,fake
dataset_asv\fake_speech\LA_T_1149087.flac,fake
dataset_asv\fake_speech\LA_T_1149135.flac,fake
dataset_asv\fake_speech\LA_T_1149145.flac,fake
dataset_asv\fake_speech\LA_T_1149443.flac,fake
dataset_asv\fake_speech\LA_T_1150028.flac,fake
dataset_asv\fake_speech\LA_T_1150653.flac,fake
dataset_asv\fake_speech\LA_T_1150787.flac,fake
dataset_asv\fake_speech\LA_T_1150895.flac,fake
dataset_asv\fake_speech\LA_T_1151489.flac,fake
dataset_asv\fake_speech\LA_T_1151825.flac,fake
dataset_asv\fake_speech\LA_T_1152016.flac,fake
dataset_asv\fake_speech\LA_T_1152387.flac,fake
dataset_asv\fake_speech\LA_T_1152870.flac,fake
dataset_asv\fake_speech\LA_T_1153016.flac,fake
dataset_asv\fake_speech\LA_T_1153198.flac,fake
dataset_asv\fake_speech\LA_T_1153405.flac,fake
dataset_asv\fake_speech\LA_T_1153489.flac,fake
dataset_asv\fake_speech\LA_T_1153987.flac,fake
dataset_asv\fake_speech\LA_T_1154440.flac,fake
dataset_asv\fake_speech\LA_T_1155093.flac,fake
dataset_asv\fake_speech\LA_T_1155184.flac,fake
dataset_asv\fake_speech\LA_T_1156100.flac,fake
dataset_asv\fake_speech\LA_T_1156513.flac,fake
dataset_asv\fake_speech\LA_T_1156774.flac,fake
dataset_asv\fake_speech\LA_T_1157103.flac,fake
dataset_asv\fake_speech\LA_T_1157756.flac,fake
dataset_asv\fake_speech\LA_T_1158271.flac,fake
dataset_asv\fake_speech\LA_T_1158406.flac,fake
dataset_asv\fake_speech\LA_T_1160239.flac,fake
dataset_asv\fake_speech\LA_T_1161442.flac,fake
dataset_asv\fake_speech\LA_T_1161445.flac,fake
dataset_asv\fake_speech\LA_T_1161683.flac,fake
dataset_asv\fake_speech\LA_T_1161788.flac,fake
dataset_asv\fake_speech\LA_T_1161958.flac,fake
dataset_asv\fake_speech\LA_T_1162278.flac,fake
dataset_asv\fake_speech\LA_T_1162361.flac,fake
dataset_asv\fake_speech\LA_T_1162877.flac,fake
dataset_asv\fake_speech\LA_T_1162918.flac,fake
dataset_asv\fake_speech\LA_T_1163771.flac,fake
dataset_asv\fake_speech\LA_T_1163956.flac,fake
dataset_asv\fake_speech\LA_T_1163987.flac,fake
dataset_asv\fake_speech\LA_T_1164518.flac,fake
dataset_asv\fake_speech\LA_T_1164775.flac,fake
dataset_asv\fake_speech\LA_T_1165581.flac,fake
dataset_asv\fake_speech\LA_T_1165875.flac,fake
dataset_asv\fake_speech\LA_T_1166468.flac,fake
dataset_asv\fake_speech\LA_T_1167339.flac,fake
dataset_asv\fake_speech\LA_T_1167346.flac,fake
dataset_asv\fake_speech\LA_T_1167616.flac,fake
dataset_asv\fake_speech\LA_T_1167878.flac,fake
dataset_asv\fake_speech\LA_T_1167935.flac,fake
dataset_asv\fake_speech\LA_T_1168059.flac,fake
dataset_asv\fake_speech\LA_T_1168427.flac,fake
dataset_asv\fake_speech\LA_T_1168531.flac,fake
dataset_asv\fake_speech\LA_T_1168781.flac,fake
dataset_asv\fake_speech\LA_T_1171266.flac,fake
dataset_asv\fake_speech\LA_T_1171310.flac,fake
dataset_asv\fake_speech\LA_T_1171346.flac,fake
dataset_asv\fake_speech\LA_T_1172893.flac,fake
dataset_asv\fake_speech\LA_T_1173050.flac,fake
dataset_asv\fake_speech\LA_T_1173157.flac,fake
dataset_asv\fake_speech\LA_T_1173561.flac,fake
dataset_asv\fake_speech\LA_T_1173816.flac,fake
dataset_asv\fake_speech\LA_T_1174772.flac,fake
dataset_asv\fake_speech\LA_T_1175148.flac,fake
dataset_asv\fake_speech\LA_T_1175418.flac,fake
dataset_asv\fake_speech\LA_T_1175560.flac,fake
dataset_asv\fake_speech\LA_T_1176596.flac,fake
dataset_asv\fake_speech\LA_T_1176618.flac,fake
dataset_asv\fake_speech\LA_T_1177155.flac,fake
dataset_asv\fake_speech\LA_T_1177471.flac,fake
dataset_asv\fake_speech\LA_T_1178793.flac,fake
dataset_asv\fake_speech\LA_T_1178948.flac,fake
dataset_asv\fake_speech\LA_T_1179505.flac,fake
dataset_asv\fake_speech\LA_T_1179520.flac,fake
dataset_asv\fake_speech\LA_T_1180374.flac,fake
dataset_asv\fake_speech\LA_T_1180379.flac,fake
dataset_asv\fake_speech\LA_T_1180816.flac,fake
dataset_asv\fake_speech\LA_T_1180971.flac,fake
dataset_asv\fake_speech\LA_T_1180981.flac,fake
dataset_asv\fake_speech\LA_T_1181129.flac,fake
dataset_asv\fake_speech\LA_T_1181374.flac,fake
dataset_asv\fake_speech\LA_T_1181809.flac,fake
dataset_asv\fake_speech\LA_T_1181838.flac,fake
dataset_asv\fake_speech\LA_T_1182166.flac,fake
dataset_asv\fake_speech\LA_T_1182547.flac,fake
dataset_asv\fake_speech\LA_T_1183321.flac,fake
dataset_asv\fake_speech\LA_T_1183718.flac,fake
dataset_asv\fake_speech\LA_T_1184273.flac,fake
dataset_asv\fake_speech\LA_T_1184541.flac,fake
dataset_asv\fake_speech\LA_T_1184665.flac,fake
dataset_asv\fake_speech\LA_T_1185158.flac,fake
dataset_asv\fake_speech\LA_T_1185180.flac,fake
dataset_asv\fake_speech\LA_T_1185797.flac,fake
dataset_asv\fake_speech\LA_T_1186082.flac,fake
dataset_asv\fake_speech\LA_T_1186987.flac,fake
dataset_asv\fake_speech\LA_T_1187712.flac,fake
dataset_asv\fake_speech\LA_T_1187833.flac,fake
dataset_asv\fake_speech\LA_T_1187951.flac,fake
dataset_asv\fake_speech\LA_T_1188128.flac,fake
dataset_asv\fake_speech\LA_T_1188511.flac,fake
dataset_asv\fake_speech\LA_T_1189271.flac,fake
dataset_asv\fake_speech\LA_T_1189681.flac,fake
dataset_asv\fake_speech\LA_T_1190044.flac,fake
dataset_asv\fake_speech\LA_T_1190253.flac,fake
dataset_asv\fake_speech\LA_T_1190429.flac,fake
dataset_asv\fake_speech\LA_T_1190681.flac,fake
dataset_asv\fake_speech\LA_T_1191013.flac,fake
dataset_asv\fake_speech\LA_T_1191160.flac,fake
dataset_asv\fake_speech\LA_T_1191172.flac,fake
dataset_asv\fake_speech\LA_T_1191266.flac,fake
dataset_asv\fake_speech\LA_T_1191378.flac,fake
dataset_asv\fake_speech\LA_T_1191605.flac,fake
dataset_asv\fake_speech\LA_T_1192227.flac,fake
dataset_asv\fake_speech\LA_T_1192297.flac,fake
dataset_asv\fake_speech\LA_T_1192399.flac,fake
dataset_asv\fake_speech\LA_T_1192902.flac,fake
dataset_asv\fake_speech\LA_T_1192982.flac,fake
dataset_asv\fake_speech\LA_T_1195221.flac,fake
dataset_asv\fake_speech\LA_T_1195400.flac,fake
dataset_asv\fake_speech\LA_T_1195971.flac,fake
dataset_asv\fake_speech\LA_T_1196702.flac,fake
dataset_asv\fake_speech\LA_T_1196762.flac,fake
dataset_asv\fake_speech\LA_T_1196874.flac,fake
dataset_asv\fake_speech\LA_T_1197118.flac,fake
dataset_asv\fake_speech\LA_T_1197265.flac,fake
dataset_asv\fake_speech\LA_T_1198122.flac,fake
dataset_asv\fake_speech\LA_T_1198277.flac,fake
dataset_asv\fake_speech\LA_T_1198582.flac,fake
dataset_asv\fake_speech\LA_T_1198917.flac,fake
dataset_asv\fake_speech\LA_T_1199190.flac,fake
dataset_asv\fake_speech\LA_T_1199455.flac,fake
dataset_asv\fake_speech\LA_T_1199527.flac,fake
dataset_asv\fake_speech\LA_T_1199774.flac,fake
dataset_asv\fake_speech\LA_T_1200498.flac,fake
dataset_asv\fake_speech\LA_T_9998119.flac,fake
dataset_asv\fake_speech\LA_T_9998328.flac,fake
